{
	"geoCoordMap" : {
		"高阳县环保局":[115.764000,38.692000],
		"望都县环境监测站":[115.160000,38.704999],
		"博野县招生办":[115.462000,38.453000],
		"定州武装部":[114.997000,38.521999],
		"北泵房":[114.904000,40.872999],
		"世纪豪园":[114.903000,40.768999],
		"人民公园":[114.898000,40.837000],
		"五金库":[114.881000,40.811000],
		"探机厂":[114.892000,40.795000],
		"宣化区军营凤凰城":[115.105999,40.615000],
		"下花园环保局":[115.296000,40.508000],
		"怀安环保局":[114.392000,40.680000],
		"怀来府前小学":[115.524000,40.420999],
		"赤城北山":[115.837999,40.918999],
		"沽源县福利院":[115.681000,41.667999],
		"阳原县职教中心":[114.128000,40.104999],
		"康保县环保局":[114.584999,41.835999],
		"蔚县第二中学":[114.596000,39.845999],
		"尚义县环境保护局":[113.977999,41.085000],
		"崇礼梦特芳丹酒店":[115.289000,40.979999],
		"宣化县沙岭子医院":[114.917000,40.677000],
		"涿鹿县环保局":[115.215000,40.372999],
		"万全县环保局":[114.744000,40.768999],
		"张北县环保局":[114.726000,41.164999],
		"铁路":[117.965999,40.915999],
		"文化中心":[117.818000,40.972999],
		"中国银行":[117.952000,40.984000],
		"离宫":[117.938000,41.011000],
		"开发区":[117.962999,40.936000],
		"承德县环保局":[118.170000,40.774999],
		"兴隆县政府":[117.507000,40.423000],
		"滦平环保局":[117.343999,40.948999],
		"丰宁县政府":[116.652000,41.215000],
		"承德市隆化县环保局":[117.733000,41.310000],
		"承德市兴隆矿业招待所":[117.669000,40.552000],
		"承德市围场县政府":[117.771000,41.956000],
		"承德市宽城县政府":[118.480000,40.612000],
		"承德市平泉县特教中心":[118.699000,41.017000],
		"沧州市环保局":[116.871000,38.323000],
		"沧县城建局":[116.885000,38.298999],
		"电视转播站":[116.858000,38.325000],
		"青县政府":[116.810000,38.588999],
		"泊头市政府":[116.584999,38.088999],
		"任丘华油八处":[116.119000,38.737000],
		"黄骅财政局培训中心":[117.337000,38.377000],
		"南皮县教师进修学校":[116.712000,38.036000],
		"河间市交通局":[116.113000,38.438000],
		"海兴县武装部":[117.492999,38.143000],
		"肃宁县政府":[115.822999,38.423000],
		"孟村县气象局":[117.125000,38.055999],
		"盐山县盐山中学":[117.236999,38.064000],
		"吴桥县桑园镇政府":[116.395000,37.630000],
		"献县政府":[116.117000,38.189000],
		"东光县铁佛寺":[116.533000,37.872000],
		"环境监测监理中心":[116.715000,39.557000],
		"药材公司":[116.684000,39.518000],
		"开发区":[116.773000,39.575000],
		"北华航天学院":[116.736999,39.533999],
		"固安党校":[116.305000,39.445000],
		"香河环保局":[117.009000,39.765999],
		"文安县环保局":[116.464000,38.880000],
		"大厂卫生局":[116.998000,39.890000],
		"霸州顺达燃气":[116.398000,39.131999],
		"三河交通局":[117.084999,39.988000],
		"廊坊市永清环保局":[116.505000,39.328000],
		"廊坊市大城环保局":[116.660000,38.712000],
		"衡水市环保局":[115.690000,37.738999],
		"环境监测站":[115.643000,37.738000],
		"电机北厂":[115.694999,37.758000],
		"安平县环保局":[115.532000,38.238000],
		"冀州环保局":[115.581000,37.548000],
		"武强县环保局":[115.953999,38.034999],
		"故城县县政府":[115.961000,37.347000],
		"深州市政府":[115.559000,38.000000],
		"饶阳县环保局":[115.735000,38.229999],
		"枣强县环保局":[115.709000,37.520000],
		"阜城县法院":[116.174000,37.866000],
		"景县县委":[116.269000,37.692000],
		"武邑县环保局":[115.893000,37.801000],
		"海淀北部新区":[116.173553,40.090679],
		"海淀北京植物园":[116.205310,40.003950],
		"石景山古城":[116.184239,39.914409],
		"丰台云岗":[116.171150,39.815128],
		"房山良乡":[116.136045,39.742767],
		"海淀万柳":[116.287451,39.987313],
		"朝阳奥体中心":[116.397400,39.982053],
		"西直门北大街":[116.348991,39.954047],
		"西城万寿西宫":[116.351974,39.878193],
		"永定门内大街":[116.394009,39.876184],
		"南三环西路":[116.367810,39.855958],
		"朝阳农展馆":[116.460742,39.937119],
		"东城东四":[116.416883,39.929287],
		"东四环北路":[116.483746,39.939554],
		"西城官园":[116.351029,39.929302],
		"丰台花园":[116.279082,39.863470],
		"大兴黄村镇":[116.406155,39.718147],
		"亦庄开发区":[116.506319,39.794491],
		"通州新城":[116.664162,39.885241],
		"东城天坛":[116.407355,39.886491],
		"前门东大街":[116.395383,39.899135],
		"北京美国大使馆":[116.443448,39.920993],
		"顺义新城":[116.655000,40.127000],
		"昌平镇":[116.230000,40.216999],
		"门头沟龙泉镇":[116.105999,39.936999],
		"平谷镇":[117.099999,40.143000],
		"怀柔镇":[116.628000,40.328000],
		"密云镇":[116.831999,40.369999],
		"延庆镇":[115.971999,40.453000],
		"昌平定陵":[116.220000,40.292000],
		"京西北八达岭":[115.988000,40.365000],
		"京东北密云水库":[116.911000,40.499000],
		"京东东高村":[117.120000,40.100000],
		"京东南永乐店":[116.783000,39.712000],
		"京南榆垡":[116.300000,39.520000],
		"京西南琉璃河":[116.000000,39.579999],
		"天津淮河道":[117.185582,39.226534],
		"天津海泰发展二路":[117.090225,39.078575],
		"天津复康路":[117.151144,39.097003],
		"天津大直沽八号路":[117.244978,39.110683],
		"天津南京路":[117.188737,39.119988],
		"天津香山道":[117.268666,39.134453],
		"天津新华道":[117.003922,39.138249],
		"天津勤俭道":[117.144256,39.165838],
		"天津前进道":[117.201676,39.092699],
		"天津南口路":[117.189702,39.172125],
		"天津津沽路":[117.373981,38.984566],
		"天津航天路":[117.374754,39.151429],
		"天津跃进路":[117.314156,39.087569],
		"天津东环路":[117.445221,40.047066],
		"天津建设路":[117.307892,39.718542],
		"天津宝白公路":[117.349777,39.521521],
		"天津河西一经路":[117.791805,39.247742],
		"天津汉北路":[117.765026,39.163609],
		"天津广安道":[116.779604,38.845188],
		"天津第四大街":[117.708035,39.035119],
		"天津塘沽营口道":[117.650914,39.021217],
		"天津永明路":[117.456722,38.841980],
		"天津北纬二路":[116.914829,38.943255],
		"天津团泊洼":[117.156657,38.920287],
		"天津泉州南路":[117.044563,39.375577],
		"天津市监测中心":[117.151000,39.097000],
		"天津雍阳西道":[117.042640,39.384054],
		"市区世纪公园":[114.542000,38.030999],
		"市区西南高教":[114.467000,38.012000],
		"市区化工学校":[114.563999,38.055000],
		"市区职工医院":[114.455000,38.051000],
		"市区人民会堂":[114.521000,38.052000],
		"市区西北水源":[114.502000,38.140000],
		"市区高新区":[114.605000,38.039999],
		"市区封龙山":[114.354000,37.909999],
		"鹿泉一中":[114.346999,38.085000],
		"正定联通公司":[114.593000,38.158999],
		"栾城通讯公司":[114.633000,37.905999],
		"藁城实验学校":[114.861999,38.039000],
		"晋州博纳德":[115.078999,38.039999],
		"新乐市委东楼":[114.690000,38.348999],
		"无极环保局":[114.991000,38.177999],
		"深泽供电局":[115.212999,38.197000],
		"赵县环保局":[114.770000,37.771000],
		"高邑县政府":[114.607000,37.622999],
		"元氏住建局":[114.517000,37.765999],
		"赞皇县政府":[114.392000,37.671999],
		"井陉县气象局":[114.152000,38.037999],
		"井陉矿区区委大楼":[114.069000,38.070999],
		"平山冶河":[114.203999,38.265999],
		"灵寿供水":[114.367000,38.314999],
		"行唐县委办公楼":[114.560000,38.444000],
		"辛集市政府":[115.224000,37.948999],
		"雷达站子站":[118.144000,39.643000],
		"供销社":[118.166000,39.631000],
		"十二中":[118.184000,39.658000],
		"物资局":[118.185000,39.640999],
		"陶瓷公司":[118.218999,39.667999],
		"小山":[118.200000,39.630000],
		"古冶区政府":[118.453999,39.740000],
		"开平监测站":[118.269000,39.674000],
		"丰南区政府":[118.090999,39.582000],
		"丰润区政府":[118.169000,39.838999],
		"迁西环保局":[118.311000,40.152000],
		"曹妃甸新立小学":[118.456000,39.289999],
		"遵化环保局":[117.991000,40.204999],
		"迁安一中":[118.711000,40.003000],
		"乐亭县综合职校":[118.919000,39.432000],
		"滦县第一中学":[118.709999,39.747000],
		"滦南县县政府":[118.681000,39.509999],
		"玉田县政府":[117.745000,39.906999],
		"市监测站":[119.602000,39.957000],
		"北戴河":[119.526000,39.828000],
		"第一关":[119.762000,40.018000],
		"建设大厦":[119.537000,39.942000],
		"市政府":[119.607000,39.936000],
		"青龙环保局":[118.952000,40.417999],
		"昌黎环保局":[119.167000,39.713000],
		"抚宁党校":[119.251000,39.881999],
		"卢龙县气象局":[118.899000,39.899999],
		"市监测站":[115.521000,38.871000],
		"地表水厂":[115.461000,38.841999],
		"华电二区":[115.522000,38.896000],
		"接待中心":[115.471000,38.911000],
		"胶片厂":[115.441999,38.875999],
		"游泳馆":[115.492999,38.863000],
		"满城税务局":[115.328999,38.954999],
		"清菀县政府":[115.496000,38.771000],
		"徐水环保局":[115.662000,39.024999],
		"安新民政局":[115.941999,38.942000],
		"涿州监测站":[116.034000,39.491999],
		"高碑店环保局":[115.880000,39.332000],
		"易县环境保护局":[115.479000,39.347000],
		"顺平县环保局":[115.150000,38.850000],
		"容城县环境保护局":[115.867999,39.048000],
		"蠡县县政府":[115.578000,38.488000],
		"唐县政府楼":[114.976000,38.747999],
		"雄县环境保护局":[116.090000,38.981999],
		"定兴县政府":[115.813999,39.268999],
		"涞源县环保局":[114.697999,39.359000],
		"曲阳县环保局":[114.724999,38.619999],
		"白沟新城行政中心楼":[116.029000,39.109000],
		"阜平县环保局":[114.194000,38.850999],
		"安国市政府":[115.322000,38.427999],
		"涞水县环境监测站":[115.712999,39.393000]
	}
}